
<window type="dialog">
    <coordinates>
        <system>1</system>
        <posx>0</posx>
        <posy>0</posy>
     </coordinates>

    <controls>
		<control type="group" id="1000">
			<posx>0</posx>
			<posy>0</posy> 
			<control type="image">
					<description>Background image</description>
					<posx>0</posx>
					<posy>0</posy>
					<width>100%</width>
					<height>100%</height>
					<colordiffuse>CC000000</colordiffuse>
					<texture background="true">fanart-fox-gold-final.png</texture>       
				</control>

				<control type="videowindow" id="5001">
					  <description>My first video control</description>
					<posx>0</posx>
					<posy>0</posy>
					<width>100%</width>
					<height>100%</height>
					  <visible>true</visible>
				</control>

			<control type="image" id="1">
					<posx>0</posx>
					<posy>0</posy>
					<width>1920</width>
					<height>1080</height>
					<visible>!Player.Playing</visible>
						<!-- <visible>Player.Playing</visible> -->
					<!-- <aspectratio scalediffuse="false">scale</aspectratio> -->
					<!-- <texture diffuse="overlay/12121.png" ></texture> -->
			</control>

			<control type="image" id="2">
			<visible>false</visible>
					<posx>1150</posx>
					<posy>30</posy>
					<width>800</width>
					<height>600</height>
					<!-- <texture diffuse="overlay/right_corner3.png" ></texture> -->

			</control>
					<control type="image">
					<description>Background image</description>
					<posx>0</posx>
					<posy>0</posy>
					<width>100%</width>
					<height>100%</height>
					<colordiffuse>CC000000</colordiffuse>
					<!-- <visible>!Player.Playing</visible> -->
					<texture background="true">texture.png</texture>       
				</control>
			<control type="label"  id="4">     <!--     כותרת -->
				<visible>true</visible>
				<posx>0</posx>
				<posy>50</posy>
				<width>auto</width>
				<height>80</height>
				<aligny>center</aligny> -->
				<visible>!VideoPlayer.IsFullscreen</visible>
				<textcolor>FFFFFFFF</textcolor>
				<font>Font-Header4</font>
				<align>center</align> -->
			</control>
			
			<control type="label"  id="5">        <!--   תאור -->
				<visible>true</visible>
				<posx>70</posx>
				<posy>50</posy>
				<width>auto</width>
				<height>80</height>
				<aligny>center</aligny>
				<visible>!VideoPlayer.IsFullscreen</visible>
				<visible>VideoPlayer.IsFullscreen</visible>
				<textcolor>lightgreen</textcolor>
				<font>font-40</font>
				<align>center</align>
			</control>
			
			 <control type="label"  id="7">     <!--  זאנר -->
				<visible>true</visible>
				<posx>0</posx>
				<posy>150</posy>
				<width>auto</width>
				<height>80</height>
				<aligny>center</aligny>
				<align>center</align>
				<textcolor>lightblue</textcolor>
				<font>font-25</font>
				<visible>!Player.Playing</visible>
			</control>
			
			<control type="textbox" id="6">
			<visible>false</visible>
				   <description>Sources</description>
					   <left>30</left>
					   <top>350</top>
					   <width>1800</width>
					   <height>500</height>
					   <visible>!VideoPlayer.IsFullscreen</visible>
					   <colordiffuse>FFFFFFFF</colordiffuse>
					   <font>font-30</font>
					   
					   <textcolor>FFFFFFFF</textcolor>
					   <pulseonselect></pulseonselect>
					   <pagecontrol>105</pagecontrol>
					   <scrolltime>1000</scrolltime>
					   <autoscroll delay="9000" time="5000" repeat="10000">!Control.HasFocus(13)</autoscroll>
					   <label>טוען תקציר...</label>
					   <align>right</align>
					   <visible>!Player.Playing</visible>
			</control>

			<control type="progress" id="8">  <!--    מד התקדמות -->
						<description>progress control</description>
						<posx>535</posx>
						<posy>610</posy>
						
						<width>850</width>
						<height>38</height>
						<texturebg  border="1,1,1,1">5.png</texturebg>
						<midtexture colordiffuse="ffe52b50" border="1,1,1,1">5.png</midtexture>
						
					<lefttexture>-</lefttexture>
					<righttexture>-</righttexture>
			</control>
			 <control type="label"  id="9">    <!--  אחוז טעינה -->
				<visible>true</visible>
				<posx>0</posx>
				<posy>670</posy>
				<width>auto</width>
				<height>80</height>
				<aligny>center</aligny>
				<align>center</align>
				<textcolor>yellow</textcolor>
				<font>font-28</font>
			</control>
			
			 <control type="label"  id="10">  <!--    סריקת שרתים -->
				<visible>true</visible>
				<posx>0</posx>
				<posy>520</posy>
				<width>auto</width>
				<height>80</height>
				<aligny>center</aligny>
				<align>center</align>
				<textcolor>white</textcolor>
				<font>font-28</font>
			</control>
			
			<control type="label"  id="11">
				<visible>true</visible>
				<posx>1700</posx>
				<posy>970</posy>
				<width>auto</width>
				<height>80</height>
				<aligny>center</aligny>
				<visible>!VideoPlayer.IsFullscreen</visible>
				<textcolor>white</textcolor>
				<font>font-28</font>
			</control>
			<control type="button" id="3002">
					<description>Close Window button</description>
					<posx>1840</posx>
					<posy>20</posy>
					<width>80</width>
					<height>50</height>
					<label>-</label>
					<font>-</font>
					<onclick>PreviousMenu</onclick>
					<texturefocus>DialogCloseButton-focus.png</texturefocus>
					<texturenofocus>DialogCloseButton.png</texturenofocus>
					<visible>system.getbool(input.enablemouse)</visible>			
					
				</control>	
			<control type="label"  id="13">
				<visible>true</visible>
				<posx>1100</posx>
				<posy>290</posy>
				<width>auto</width>
				<height>80</height>
				<aligny>center</aligny>
				<visible>!VideoPlayer.IsFullscreen</visible>
				<textcolor>red</textcolor>
				<font>font-40</font>
			</control>
			<control type="label"  id="14">
				<visible>true</visible>
				<posx>0</posx>
				<posy>900</posy>
				<width>auto</width>
				<height>80</height>
				<aligny>center</aligny>
				<align>center</align>
				<visible>!VideoPlayer.IsFullscreen</visible>
				<textcolor>white</textcolor>
				<font>font-25</font>
			</control>
		</control>
    </controls>
</window>