<?xml version="1.0" encoding="UTF-8" standalone="yes"?>
<addon id="plugin.video.torrent"
	   name="Thorrent"
	   version="1.2.1"
	   provider-name="Anonymous">
  <requires>
    <!-- <import addon="xbmc.python" version="2.1.0"/> -->
	<import addon="script.module.requests"/>
        <import addon="script.module.xbmcswift2" version="2.4.0"/>
        <import addon="script.module.urllib3" version="1.22" optional="true"/>
  </requires>
  <extension point="xbmc.python.pluginsource"
            library="default.py">
        <provides>video</provides>
  </extension>
  <extension point="xbmc.service" library="service.py" start="startup" />
  <extension point="xbmc.addon.metadata">
    <summary lang="he">Torrent</summary>
    <description lang="he">Torrent</description>
    <platform>all</platform>
  </extension>
</addon>